City_ID,City,Country,Date,Lat,Lng,Max Temp,Humidity,Cloudiness,Wind Speed
0,Port Elizabeth,ZA,2022-01-24 03:15:43,-33.918,25.5701,64.69,82,0,5.75
1,Morristown,US,2022-01-24 03:06:29,36.214,-83.2949,39.34,62,100,9.22
2,Dingle,PH,2022-01-24 03:19:33,10.9995,122.6711,83.52,74,71,11.99
3,Port Hardy,CA,2022-01-24 03:08:19,50.6996,-127.4199,41.76,79,99,5.59
4,Bethel,US,2022-01-24 03:19:33,41.3712,-73.414,31.05,87,100,0.0
5,Cape Town,ZA,2022-01-24 03:15:12,-33.9258,18.4232,69.28,89,75,6.91
6,Hermanus,ZA,2022-01-24 03:16:15,-34.4187,19.2345,67.89,90,98,7.52
7,Jamestown,US,2022-01-24 03:19:34,42.097,-79.2353,15.71,92,100,3.44
8,Tuktoyaktuk,CA,2022-01-24 03:19:35,69.4541,-133.0374,-2.2,84,75,9.22
9,Mataura,NZ,2022-01-24 03:19:35,-46.1927,168.8643,65.48,32,7,5.01
10,Vila Velha,BR,2022-01-24 03:19:35,-20.3297,-40.2925,76.44,89,40,4.61
11,Banff,CA,2022-01-24 03:19:36,51.1762,-115.5698,36.63,98,44,5.37
12,Ossora,RU,2022-01-24 03:19:36,59.2353,163.0719,-11.49,87,2,2.86
13,Clyde River,CA,2022-01-24 03:19:36,70.4692,-68.5914,-3.77,84,100,32.21
14,Ilhabela,BR,2022-01-24 03:19:37,-23.7781,-45.3581,76.82,91,36,7.2
15,Atasu,KZ,2022-01-24 03:19:37,48.6814,71.6433,3.42,86,100,6.26
16,Port Alfred,ZA,2022-01-24 03:19:37,-33.5906,26.891,72.99,62,0,10.0
17,Ilulissat,GL,2022-01-24 03:19:38,69.2167,-51.1,15.82,45,100,24.16
18,Zhigansk,RU,2022-01-24 03:16:28,66.7697,123.3711,-6.54,98,100,9.46
19,Lazaro Cardenas,MX,2022-01-24 03:19:38,17.9583,-102.2,75.38,71,28,4.99
20,Huaraz,PE,2022-01-24 03:15:10,-9.5333,-77.5333,53.64,84,95,2.73
21,Ribeira Grande,PT,2022-01-24 03:19:39,38.5167,-28.7,59.7,66,5,6.35
22,Matara,LK,2022-01-24 03:19:39,5.9485,80.5353,76.87,79,99,4.74
23,Nome,US,2022-01-24 03:19:39,64.5011,-165.4064,8.67,67,0,11.5
24,Rameswaram,IN,2022-01-24 03:19:40,9.2833,79.3,79.65,77,100,13.4
25,Vila Franca Do Campo,PT,2022-01-24 03:19:40,37.7167,-25.4333,60.19,72,8,5.35
26,Busselton,AU,2022-01-24 03:19:41,-33.65,115.3333,75.52,47,30,17.83
27,Praia,CV,2022-01-24 03:15:00,14.9215,-23.5087,72.14,83,75,20.71
28,Koumac,NC,2022-01-24 03:19:41,-20.5667,164.2833,82.63,64,47,8.57
29,Dikson,RU,2022-01-24 03:19:41,73.5069,80.5464,-2.02,96,96,23.02
30,Stawell,AU,2022-01-24 03:19:42,-37.05,142.7667,92.75,19,99,13.29
31,Rikitea,PF,2022-01-24 03:19:42,-23.1203,-134.9692,78.35,71,100,15.5
32,Lima,PE,2022-01-24 03:17:27,-12.0432,-77.0282,71.38,71,0,9.22
33,Vanimo,PG,2022-01-24 03:19:43,-2.6741,141.3028,82.0,83,99,4.83
34,Kodiak,US,2022-01-24 03:19:43,57.79,-152.4072,42.31,81,100,16.11
35,Ushuaia,AR,2022-01-24 03:19:44,-54.8,-68.3,46.06,81,75,21.85
36,Udachnyy,RU,2022-01-24 03:19:44,66.4167,112.4,7.45,84,100,11.52
37,Rock Sound,BS,2022-01-24 03:19:44,24.9,-76.2,73.35,75,1,7.09
38,Puerto Ayora,EC,2022-01-24 03:19:45,-0.7393,-90.3518,73.83,88,94,9.4
39,North Battleford,CA,2022-01-24 03:19:45,52.7834,-108.2847,18.41,79,100,12.66
40,Punta Arenas,CL,2022-01-24 03:15:51,-53.15,-70.9167,48.31,61,20,21.85
41,Barrow,US,2022-01-24 03:19:45,71.2906,-156.7887,-2.18,78,0,8.05
42,Camana,PE,2022-01-24 03:19:46,-16.6228,-72.7111,72.32,84,99,7.11
43,Quang Ngai,VN,2022-01-24 03:19:46,15.1167,108.8,79.47,76,7,3.09
44,Ketchikan,US,2022-01-24 03:16:45,55.3422,-131.6461,43.27,100,100,6.91
45,Severo-Kurilsk,RU,2022-01-24 03:19:47,50.6789,156.125,26.92,70,93,11.21
46,Villena,ES,2022-01-24 03:19:47,38.6373,-0.8657,42.93,89,52,5.26
47,Codrington,AU,2022-01-24 03:19:47,-38.2667,141.9667,92.52,23,100,4.94
48,Guerrero Negro,MX,2022-01-24 03:19:48,27.9769,-114.0611,62.24,58,99,10.09
49,Qaanaaq,GL,2022-01-24 03:19:48,77.484,-69.3632,-3.96,79,100,3.98
50,Lander,US,2022-01-24 03:19:48,42.833,-108.7307,40.8,59,0,0.0
51,Katsuura,JP,2022-01-24 03:19:49,35.1333,140.3,51.19,60,100,21.0
52,Pacific Grove,US,2022-01-24 03:19:49,36.6177,-121.9166,56.8,64,0,1.99
53,Belaya Gora,RU,2022-01-24 03:19:49,68.5333,146.4167,-27.42,100,100,4.7
54,Nuzvid,IN,2022-01-24 03:19:50,16.7833,80.85,74.25,77,69,1.25
55,Cayenne,GF,2022-01-24 03:15:12,4.9333,-52.3333,78.1,88,100,1.99
56,Alta Floresta,BR,2022-01-24 03:19:50,-9.8756,-56.0861,70.45,98,58,3.65
57,Dunedin,NZ,2022-01-24 03:19:51,-45.8742,170.5036,56.8,93,95,1.01
58,Kavieng,PG,2022-01-24 03:19:51,-2.5744,150.7967,84.81,68,86,8.61
59,Tezu,IN,2022-01-24 03:19:12,27.9167,96.1667,63.91,40,87,2.57
60,Hobart,AU,2022-01-24 03:19:51,-42.8794,147.3294,84.11,59,100,1.01
61,Castro,BR,2022-01-24 03:19:51,-24.7911,-50.0119,64.94,95,60,2.51
62,Raffadali,IT,2022-01-24 03:19:52,37.4036,13.5331,40.59,73,1,5.66
63,Torbay,CA,2022-01-24 03:15:38,47.6666,-52.7314,26.58,87,75,10.36
64,Nikolskoye,RU,2022-01-24 03:19:52,59.7035,30.7861,27.88,94,100,9.08
65,Thompson,CA,2022-01-24 03:19:52,55.7435,-97.8558,-18.24,69,0,5.75
66,Arlit,NE,2022-01-24 03:19:53,18.7369,7.3853,56.12,25,0,5.21
67,Leninsk,RU,2022-01-24 03:19:53,48.7119,45.1994,15.66,91,100,13.78
68,Longyearbyen,SJ,2022-01-24 03:19:54,78.2186,15.6401,12.04,73,0,8.05
69,Kloulklubed,PW,2022-01-24 03:19:54,7.0419,134.2556,77.5,81,64,16.75
70,New Norfolk,AU,2022-01-24 03:19:54,-42.7826,147.0587,83.75,39,100,4.0
71,Taltal,CL,2022-01-24 03:19:54,-25.4,-70.4833,65.62,77,91,3.33
72,Poum,NC,2022-01-24 03:19:55,-20.2333,164.0167,80.38,69,100,12.19
73,Pevek,RU,2022-01-24 03:19:55,69.7008,170.3133,-11.6,96,100,19.75
74,Souillac,MU,2022-01-24 03:19:55,-20.5167,57.5167,84.36,94,40,0.0
75,Saint George,US,2022-01-24 03:16:33,37.1041,-113.5841,47.95,42,0,5.99
76,East London,ZA,2022-01-24 03:19:56,-33.0153,27.9116,70.74,83,0,6.91
77,Namibe,AO,2022-01-24 03:19:56,-15.1961,12.1522,74.14,87,88,3.78
78,Bluff,NZ,2022-01-24 03:19:57,-46.6,168.3333,65.8,61,13,7.85
79,Butaritari,KI,2022-01-24 03:19:57,3.0707,172.7902,82.44,77,100,19.71
80,Esperance,AU,2022-01-24 03:19:57,-33.8667,121.9,69.22,70,99,8.63
81,Mount Vernon,US,2022-01-24 03:19:58,40.9126,-73.8371,32.18,87,100,3.0
82,Casper,US,2022-01-24 03:17:08,42.8666,-106.3131,37.51,68,40,24.16
83,Berlevag,NO,2022-01-24 03:19:58,70.8578,29.0864,40.57,87,100,40.91
84,Straumen,NO,2022-01-24 03:19:58,63.8709,11.2999,44.62,69,100,15.88
85,Albany,US,2022-01-24 03:15:38,42.6001,-73.9662,22.8,87,87,4.59
86,Havre-Saint-Pierre,CA,2022-01-24 03:19:59,50.2334,-63.5986,19.99,92,100,11.5
87,Yellowknife,CA,2022-01-24 03:19:59,62.456,-114.3525,-21.44,76,0,6.91
88,Hilo,US,2022-01-24 03:19:59,19.7297,-155.09,74.25,86,1,1.01
89,Sola,VU,2022-01-24 03:20:00,-13.8833,167.55,90.27,66,75,9.22
90,Vaini,TO,2022-01-24 03:20:01,-21.2,-175.2,87.96,84,40,6.91
91,Santa Rosa,PH,2022-01-24 03:20:01,14.3122,121.1114,87.78,72,54,6.96
92,Airai,TL,2022-01-24 03:20:02,-8.9266,125.4092,74.95,60,95,4.16
93,Ritchie,ZA,2022-01-24 03:20:02,-29.038,24.6028,56.41,43,0,6.26
94,Wodonga,AU,2022-01-24 03:20:03,-36.1167,146.8833,87.28,67,100,2.3
95,Mar Del Plata,AR,2022-01-24 03:15:40,-38.0023,-57.5575,70.88,80,25,3.0
96,Ponta Do Sol,PT,2022-01-24 03:20:03,32.6667,-17.1,64.71,79,80,5.95
97,Mahebourg,MU,2022-01-24 03:20:03,-20.4081,57.7,84.25,94,40,0.0
98,Constitucion,CL,2022-01-24 03:16:27,-35.3333,-72.4167,57.24,86,0,13.87
99,Tuatapere,NZ,2022-01-24 03:16:31,-46.1333,167.6833,65.82,55,6,9.37
100,Chumikan,RU,2022-01-24 03:20:04,54.7183,135.315,0.14,86,33,20.09
101,Alghero,IT,2022-01-24 03:20:04,40.5589,8.3181,43.99,86,0,4.34
102,Ahipara,NZ,2022-01-24 03:20:04,-35.1667,173.1667,71.58,74,100,13.98
103,Dwarka,IN,2022-01-24 03:20:05,22.2394,68.9678,63.3,44,0,5.5
104,Husavik,IS,2022-01-24 03:20:05,66.0449,-17.3389,24.71,75,64,11.77
105,Boralday,KZ,2022-01-24 03:20:06,43.3578,76.8594,28.26,93,100,4.47
106,Nouadhibou,MR,2022-01-24 03:20:06,20.931,-17.0347,67.98,64,100,14.97
107,Richards Bay,ZA,2022-01-24 03:20:06,-28.783,32.0377,66.87,87,20,5.48
108,San Joaquin,US,2022-01-24 03:20:07,37.9333,-121.3011,54.0,77,0,4.61
109,Alofi,NU,2022-01-24 03:20:07,-19.0595,-169.9187,84.09,74,75,12.66
110,Turukhansk,RU,2022-01-24 03:20:07,65.8167,87.9833,-10.68,100,96,1.19
111,Datong,CN,2022-01-24 03:20:08,40.0936,113.2914,25.63,74,51,1.12
112,Beira,MZ,2022-01-24 03:20:08,-19.8436,34.8389,80.69,83,75,17.27
113,Santa Isabel Do Rio Negro,BR,2022-01-24 03:20:08,-0.4139,-65.0192,73.94,96,97,2.28
114,Burnie,AU,2022-01-24 03:20:09,-41.0667,145.9167,74.95,54,92,6.51
115,Yar-Sale,RU,2022-01-24 03:20:09,66.8333,70.8333,4.08,94,21,13.31
116,Mnogovershinnyy,RU,2022-01-24 03:20:09,53.9353,139.9242,4.19,80,34,6.55
117,Vestmannaeyjar,IS,2022-01-24 03:20:10,63.4427,-20.2734,34.72,72,100,24.79
118,Flinders,AU,2022-01-24 03:20:10,-34.5833,150.8552,79.38,67,85,3.0
119,Ashta,IN,2022-01-24 03:20:10,23.0167,76.7167,53.91,63,0,5.55
120,Haverfordwest,GB,2022-01-24 03:20:11,51.8017,-4.9691,40.8,88,90,1.01
121,Key West,US,2022-01-24 03:20:11,24.5557,-81.7826,68.0,64,20,12.66
122,Fereydun Kenar,IR,2022-01-24 03:20:12,36.6864,52.5225,30.51,53,0,4.47
123,Bambous Virieux,MU,2022-01-24 03:20:12,-20.3428,57.7575,84.22,94,40,0.0
124,Wesselsbron,ZA,2022-01-24 03:20:12,-27.8549,26.3658,53.67,56,0,5.39
125,Baoqing,CN,2022-01-24 03:20:13,46.3317,132.2111,13.01,75,5,4.16
126,Oskarshamn,SE,2022-01-24 03:20:13,57.2645,16.4484,41.99,88,87,13.65
127,Sao Filipe,CV,2022-01-24 03:20:13,14.8961,-24.4956,74.34,70,100,15.26
128,Jibuti,DJ,2022-01-24 03:20:14,11.5,42.5,69.22,78,65,9.62
129,Ambilobe,MG,2022-01-24 03:20:14,-13.2,49.05,72.88,98,100,2.15
130,Warmbad,NA,2022-01-24 03:20:14,-28.45,18.7333,77.59,41,100,8.77
131,Khani,GE,2022-01-24 03:19:00,41.9563,42.9566,36.97,76,73,7.76
132,Eyl,SO,2022-01-24 03:20:15,7.9803,49.8164,70.79,78,69,12.66
133,Prescott,US,2022-01-24 03:17:56,34.54,-112.4685,45.7,49,0,6.91
134,Kapaa,US,2022-01-24 03:20:15,22.0752,-159.319,78.78,76,40,1.01
135,Kruisfontein,ZA,2022-01-24 03:20:16,-34.0033,24.7314,70.27,43,0,10.89
136,Atuona,PF,2022-01-24 03:20:16,-9.8,-139.0333,78.51,74,11,16.31
137,Lavrentiya,RU,2022-01-24 03:20:16,65.5833,-171.0,7.99,97,100,4.74
138,Quatre Cocos,MU,2022-01-24 03:20:17,-20.2078,57.7625,84.09,76,12,8.59
139,Lebu,CL,2022-01-24 03:20:17,-37.6167,-73.65,57.88,93,3,9.42
140,Hay River,CA,2022-01-24 03:20:17,60.8156,-115.7999,-11.22,84,40,4.61
141,La Plata,AR,2022-01-24 03:20:18,-34.9215,-57.9545,75.0,82,100,5.77
142,Maua,BR,2022-01-24 03:20:18,-23.6678,-46.4614,73.36,87,33,1.97
143,Blackburn,GB,2022-01-24 03:17:24,53.75,-2.4833,38.19,89,24,3.0
144,Akyab,MM,2022-01-24 03:17:11,20.15,92.9,70.99,51,13,4.7
145,Denpasar,ID,2022-01-24 03:16:34,-8.65,115.2167,87.46,66,20,13.8
146,Mezen,RU,2022-01-24 03:20:19,65.8522,44.24,18.61,92,100,14.12
147,Unity,CA,2022-01-24 03:20:19,52.4501,-109.1682,17.26,93,100,11.61
148,Gillette,US,2022-01-24 03:20:19,44.2911,-105.5022,38.8,47,26,10.29
149,Moree,AU,2022-01-24 03:20:19,-29.4667,149.85,89.62,35,40,8.05
150,Mehamn,NO,2022-01-24 03:20:20,71.0357,27.8492,37.15,90,100,40.98
151,Saint-Philippe,RE,2022-01-24 03:20:20,-21.3585,55.7679,80.15,86,24,12.37
152,Oranjestad,AW,2022-01-24 03:18:08,12.524,-70.027,78.75,69,20,14.97
153,Rio Gallegos,AR,2022-01-24 03:20:20,-51.6226,-69.2181,53.65,58,0,23.02
154,Shelburne,CA,2022-01-24 03:15:37,44.0787,-80.2041,3.65,82,10,3.47
155,Vladesti,RO,2022-01-24 03:20:21,45.1167,24.3,20.37,67,41,5.03
156,Morrope,PE,2022-01-24 03:20:21,-6.5417,-80.0111,71.35,81,4,11.88
157,Wewak,PG,2022-01-24 03:20:22,-3.5534,143.6268,81.84,80,100,5.66
158,Avarua,CK,2022-01-24 03:20:22,-21.2078,-159.775,80.65,89,75,11.5
159,Mackay,AU,2022-01-24 03:20:22,-21.15,149.2,87.67,61,100,10.38
160,Maralal,KE,2022-01-24 03:20:23,1.0968,36.698,57.61,64,100,3.51
161,Lydenburg,ZA,2022-01-24 03:20:23,-25.0978,30.4597,54.27,95,14,3.29
162,Lompoc,US,2022-01-24 03:20:23,34.6391,-120.4579,62.13,67,0,4.61
163,Lagoa,PT,2022-01-24 03:20:23,39.05,-27.9833,59.0,63,3,8.12
164,Antofagasta,CL,2022-01-24 03:20:24,-23.65,-70.4,63.68,76,41,6.29
165,Victoria,HK,2022-01-24 03:16:13,22.2855,114.1577,73.96,89,99,3.0
166,Grand Gaube,MU,2022-01-24 03:20:24,-20.0064,57.6608,84.38,75,5,1.99
167,Lubango,AO,2022-01-24 03:20:24,-14.9172,13.4925,58.95,68,45,3.18
168,Qidong,CN,2022-01-24 03:20:25,31.8128,121.6561,47.03,78,100,12.59
169,Georgetown,MY,2022-01-24 03:20:25,5.4112,100.3354,85.93,80,20,3.44
170,Bozuyuk,TR,2022-01-24 03:20:26,39.9078,30.0367,17.94,94,79,6.35
171,Cockburn Town,TC,2022-01-24 03:15:56,21.4612,-71.1419,77.81,78,5,10.29
172,Cabo San Lucas,MX,2022-01-24 03:17:56,22.8909,-109.9124,69.51,73,100,0.0
173,Ulladulla,AU,2022-01-24 03:20:26,-35.35,150.4667,77.88,63,97,9.89
174,Sinnamary,GF,2022-01-24 03:20:27,5.3833,-52.95,75.31,90,48,6.87
175,Morehead,US,2022-01-24 03:20:28,37.2711,-87.1764,30.15,80,0,0.0
176,Deputatskiy,RU,2022-01-24 03:20:28,69.3,139.9,-22.43,98,100,5.21
177,Halifax,CA,2022-01-24 03:20:29,44.6453,-63.5724,33.85,90,100,1.01
178,Alpiarca,PT,2022-01-24 03:20:29,39.2571,-8.5819,49.24,92,8,6.31
179,Millau,FR,2022-01-24 03:20:30,44.0833,2.9167,35.38,77,0,4.52
180,Acapulco,MX,2022-01-24 03:15:59,16.8634,-99.8901,82.22,51,0,8.05
181,Jiujiang,CN,2022-01-24 03:20:30,29.7333,115.9833,45.46,86,100,11.56
182,Dadri,IN,2022-01-24 03:20:30,28.5667,77.55,52.02,89,1,4.25
183,Port Lincoln,AU,2022-01-24 03:20:31,-34.7333,135.8667,75.13,76,24,5.64
184,Carnarvon,AU,2022-01-24 03:20:31,-24.8667,113.6333,89.67,48,0,23.02
185,Klaksvik,FO,2022-01-24 03:20:31,62.2266,-6.589,40.12,65,89,31.21
186,Bredasdorp,ZA,2022-01-24 03:20:32,-34.5322,20.0403,66.27,82,54,10.51
187,Dunmore Town,BS,2022-01-24 03:20:32,25.5,-76.65,72.54,74,0,4.23
188,Guisa,CU,2022-01-24 03:20:32,20.255,-76.5386,71.91,84,82,2.51
189,Tandil,AR,2022-01-24 03:18:22,-37.3217,-59.1332,65.3,67,0,6.55
190,Byron Bay,AU,2022-01-24 03:20:33,-28.65,153.6167,83.05,62,77,13.15
191,Paamiut,GL,2022-01-24 03:20:33,61.994,-49.6678,25.3,68,100,15.43
192,Los Llanos De Aridane,ES,2022-01-24 03:20:34,28.6585,-17.9182,61.12,83,20,8.01
193,Talnakh,RU,2022-01-24 03:20:34,69.4865,88.3972,-3.62,98,100,6.78
194,Sisimiut,GL,2022-01-24 03:20:34,66.9395,-53.6735,16.57,66,100,21.5
195,Valdivia,CL,2022-01-24 03:20:34,-39.8142,-73.2459,53.69,99,100,1.36
196,Florianopolis,BR,2022-01-24 03:16:44,-27.6146,-48.5012,79.38,79,75,1.99
197,Nanortalik,GL,2022-01-24 03:20:35,60.1432,-45.2371,25.75,77,100,10.2
198,Cherskiy,RU,2022-01-24 03:20:35,68.75,161.3,-29.58,98,100,5.41
199,Kaman,IN,2022-01-24 03:20:36,27.65,77.2667,50.58,85,0,3.53
200,Sorland,NO,2022-01-24 03:20:36,67.667,12.6934,37.09,73,100,37.71
201,Valparaiso,CL,2022-01-24 03:20:36,-33.0393,-71.6273,64.04,59,0,6.91
202,Wanning,CN,2022-01-24 03:20:37,18.8003,110.3967,78.01,73,51,4.0
203,Belyy Yar,RU,2022-01-24 03:20:37,53.6039,91.3903,-9.51,85,75,0.0
204,Florence,IT,2022-01-24 03:20:38,43.7667,11.25,43.09,97,4,0.0
205,Chokurdakh,RU,2022-01-24 03:20:38,70.6333,147.9167,-20.29,100,98,6.31
206,Adre,TD,2022-01-24 03:20:39,13.4667,22.2,60.98,15,0,11.18
207,Lake Cowichan,CA,2022-01-24 03:20:39,48.825,-124.0546,37.72,72,100,0.63
208,Tazovskiy,RU,2022-01-24 03:20:40,67.4667,78.7,-5.22,100,97,8.81
209,Laela,TZ,2022-01-24 03:20:41,-8.5667,32.05,59.95,98,100,3.15
210,Ageyevo,RU,2022-01-24 03:20:41,54.1588,36.4693,8.71,99,100,5.17
211,Umm Bab,QA,2022-01-24 03:20:42,25.2142,50.8072,46.08,43,5,4.61
212,Chahuites,MX,2022-01-24 03:20:42,16.2833,-94.1833,72.28,70,4,7.25
213,Bengkulu,ID,2022-01-24 03:20:43,-3.8004,102.2655,82.78,70,95,8.08
214,Melfort,CA,2022-01-24 03:20:43,52.8667,-104.6177,-2.07,78,99,8.05
215,Half Moon Bay,US,2022-01-24 03:20:43,37.4636,-122.4286,57.99,64,0,0.0
216,Portobelo,PA,2022-01-24 03:20:44,9.55,-79.65,76.82,79,76,12.08
217,Labuhan,ID,2022-01-24 03:20:45,-6.8844,112.2051,83.82,75,99,7.92
218,Along,IN,2022-01-24 03:20:45,28.1667,94.7667,56.57,69,95,0.85
219,Fort Saint James,CA,2022-01-24 03:20:45,54.4333,-124.25,28.83,97,97,3.18
220,Namasuba,UG,2022-01-24 03:20:46,0.6894,32.4214,62.67,87,99,0.96
221,Wagga Wagga,AU,2022-01-24 03:20:46,-35.1167,147.3667,85.84,30,98,7.47
222,Birjand,IR,2022-01-24 03:20:46,32.8663,59.2211,21.67,63,0,6.91
223,Dondo,MZ,2022-01-24 03:20:47,-19.6094,34.7431,80.11,94,100,12.1
224,Lafia,NG,2022-01-24 03:20:47,8.4833,8.5167,72.84,21,2,4.18
225,Porto Santo,PT,2022-01-24 03:20:47,33.072,-16.3415,62.51,77,20,4.61
226,Provideniya,RU,2022-01-24 03:20:48,64.3833,-173.3,19.51,86,100,17.9
227,Grimshaw,CA,2022-01-24 03:20:48,56.1834,-117.6027,37.02,87,100,13.8
228,Mount Gambier,AU,2022-01-24 03:20:25,-37.8333,140.7667,91.26,22,88,5.57
229,Borovskoy,KZ,2022-01-24 03:20:48,53.8,64.15,-13.2,100,20,2.53
230,Muros,ES,2022-01-24 03:20:49,42.7762,-9.0603,44.24,79,0,4.0
231,Kokstad,ZA,2022-01-24 03:20:49,-30.5472,29.4241,55.36,71,0,5.57
232,Ziro,IN,2022-01-24 03:20:49,27.6333,93.8333,39.94,85,100,1.74
233,Kilindoni,TZ,2022-01-24 03:20:50,-7.9139,39.6668,80.89,78,100,18.63
234,Yellandu,IN,2022-01-24 03:20:50,17.6,80.3333,71.62,61,12,3.85
235,Ayagoz,KZ,2022-01-24 03:20:50,47.9714,80.4392,1.69,92,100,9.01
236,Ancud,CL,2022-01-24 03:20:51,-41.8697,-73.8203,56.43,88,83,6.02
237,Bilma,NE,2022-01-24 03:20:51,18.6853,12.9164,53.69,27,35,10.22
238,Kurchum,KZ,2022-01-24 03:20:51,48.5722,83.6542,-13.85,97,32,0.29
239,Bhusawal,IN,2022-01-24 03:20:52,21.05,75.7667,59.68,46,0,1.48
240,San Quintin,MX,2022-01-24 03:20:52,30.4833,-115.95,60.48,54,0,6.4
241,Porto Novo,BJ,2022-01-24 03:16:19,6.4965,2.6036,75.02,83,1,4.88
242,Sitka,US,2022-01-24 03:20:52,57.0531,-135.33,37.29,93,20,0.0
243,Fortuna,US,2022-01-24 03:20:53,40.5982,-124.1573,49.98,80,0,2.48
244,Enshi,CN,2022-01-24 03:20:53,30.3,109.4833,43.88,94,100,1.36
245,Okhotsk,RU,2022-01-24 03:20:53,59.3833,143.3,-3.89,79,9,13.29
246,Padang,ID,2022-01-24 03:20:54,-0.9492,100.3543,77.05,78,96,4.9
247,Horasan,TR,2022-01-24 03:20:54,40.0458,42.1728,17.22,95,100,3.09
248,Mongar,BT,2022-01-24 03:20:54,27.2747,91.2396,47.41,48,47,1.41
249,Beringovskiy,RU,2022-01-24 03:20:55,63.05,179.3167,-20.42,97,37,6.11
250,Arman,RU,2022-01-24 03:20:55,59.7,150.1667,-2.67,80,41,7.72
251,Wiarton,CA,2022-01-24 03:20:55,44.7407,-81.1332,9.61,66,75,8.05
252,Hasaki,JP,2022-01-24 03:20:56,35.7333,140.8333,50.29,55,100,26.55
253,Kahului,US,2022-01-24 03:20:56,20.8947,-156.47,78.82,77,40,17.27
254,Esso,RU,2022-01-24 03:20:56,55.9333,158.7,5.56,91,17,3.56
255,Calvinia,ZA,2022-01-24 03:20:57,-31.4707,19.776,71.55,59,70,4.59
256,Te Anau,NZ,2022-01-24 03:20:57,-45.4167,167.7167,69.3,46,15,2.64
257,Mecca,SA,2022-01-24 03:20:57,21.4267,39.8261,65.43,75,0,5.64
258,Chuy,UY,2022-01-24 03:20:58,-33.6971,-53.4616,73.53,94,96,4.05
259,San Carlos De Bariloche,AR,2022-01-24 03:20:58,-41.1456,-71.3082,53.35,66,75,24.16
260,Saint Anthony,US,2022-01-24 03:20:58,45.0205,-93.218,7.66,81,100,1.99
261,Turayf,SA,2022-01-24 03:20:59,31.6725,38.6637,35.85,93,0,5.75
262,Berea,US,2022-01-24 03:20:59,41.3662,-81.8543,20.95,78,100,6.91
263,Buraydah,SA,2022-01-24 03:20:59,26.326,43.975,50.45,57,3,6.6
264,Prabumulih,ID,2022-01-24 03:21:00,-3.45,104.25,82.83,75,76,2.66
265,Luau,AO,2022-01-24 03:21:00,-10.7073,22.2247,60.24,96,73,3.6
266,Carndonagh,IE,2022-01-24 03:21:00,55.25,-7.2667,45.82,79,100,10.13
267,Erenhot,CN,2022-01-24 03:21:01,43.6475,111.9767,14.41,81,93,5.23
268,Shetpe,KZ,2022-01-24 03:21:01,44.1667,52.1167,28.94,70,1,20.8
269,The Valley,AI,2022-01-24 03:21:02,18.217,-63.0578,77.09,70,0,10.92
270,Beamsville,CA,2022-01-24 03:21:02,43.1668,-79.4829,15.62,74,78,4.0
271,Saskylakh,RU,2022-01-24 03:21:02,71.9167,114.0833,-22.07,100,100,4.23
272,Komsomolskiy,UZ,2022-01-24 03:21:02,40.4272,71.7189,34.52,86,75,2.3
273,Xining,CN,2022-01-24 03:21:03,36.6167,101.7667,22.15,54,1,2.21
274,Hithadhoo,MV,2022-01-24 03:21:03,-0.6,73.0833,82.45,66,99,14.54
275,Boden,SE,2022-01-24 03:21:03,65.8252,21.6886,41.0,68,98,15.66
276,Igarka,RU,2022-01-24 03:21:04,67.4667,86.5833,-21.41,100,100,1.16
277,Mosquera,CO,2022-01-24 03:16:30,4.7059,-74.2302,57.29,88,75,3.44
278,Ingham,US,2022-01-24 03:21:04,42.6,-84.3833,15.42,76,40,5.75
279,Makushino,RU,2022-01-24 03:21:04,55.2103,67.2442,-11.58,98,27,3.53
280,San Policarpo,PH,2022-01-24 03:21:05,12.1791,125.5072,80.6,89,81,11.34
281,Upernavik,GL,2022-01-24 03:18:08,72.7868,-56.1549,-6.92,60,58,6.29
282,Batatais,BR,2022-01-24 03:21:05,-20.8911,-47.585,71.58,90,20,2.57
283,Moron,AR,2022-01-24 03:21:05,-34.6534,-58.6198,74.98,92,94,3.4
284,Arraial Do Cabo,BR,2022-01-24 03:21:06,-22.9661,-42.0278,75.42,86,9,21.39
285,Soyo,AO,2022-01-24 03:21:06,-6.1349,12.3689,75.56,87,100,8.9
286,Charlestown,AU,2022-01-24 03:18:26,-32.95,151.6667,78.82,73,84,5.01
287,Jaguey Grande,CU,2022-01-24 03:20:44,22.5269,-81.1286,68.65,89,17,6.15
288,Ucluelet,CA,2022-01-24 03:21:06,48.9329,-125.5528,41.09,92,100,0.54
289,Panjab,AF,2022-01-24 03:21:07,34.388,67.0233,-15.02,68,6,5.59
290,Kolondieba,ML,2022-01-24 03:21:07,11.0882,-6.8926,67.21,16,0,5.48
291,Piacabucu,BR,2022-01-24 03:21:07,-10.4056,-36.4344,78.06,82,100,5.57
292,Taoudenni,ML,2022-01-24 03:21:08,22.6783,-3.9836,62.37,20,90,9.33
293,Weligama,LK,2022-01-24 03:21:08,5.9667,80.4167,77.07,78,99,4.65
294,Kiama,AU,2022-01-24 03:21:09,-34.6833,150.8667,79.57,68,84,5.01
295,Upington,ZA,2022-01-24 03:21:10,-28.4478,21.2561,71.98,53,20,2.3
296,Pangnirtung,CA,2022-01-24 03:21:10,66.1451,-65.7125,-0.69,78,100,5.1
297,Riachao Das Neves,BR,2022-01-24 03:21:10,-11.7461,-44.91,69.93,88,5,0.96
298,Vostok,RU,2022-01-24 03:21:11,46.4856,135.8833,5.61,88,57,3.31
299,Kiruna,SE,2022-01-24 03:21:11,67.8557,20.2251,38.32,75,40,21.85
300,Loningen,DE,2022-01-24 03:21:12,52.7333,7.7667,40.17,91,3,5.37
301,Terrace Bay,CA,2022-01-24 03:21:12,48.7834,-87.1,-4.38,84,100,8.3
302,Barao De Melgaco,BR,2022-01-24 03:21:12,-16.1944,-55.9675,81.12,86,100,3.51
303,Laguna,US,2022-01-24 03:21:13,38.421,-121.4238,55.96,80,0,0.0
304,Roros,NO,2022-01-24 03:21:13,62.5747,11.3842,28.24,74,100,3.44
305,Bandarbeyla,SO,2022-01-24 03:21:13,9.4942,50.8122,73.89,72,90,13.76
306,Khatanga,RU,2022-01-24 03:21:13,71.9667,102.5,-14.93,100,100,6.13
307,Grindavik,IS,2022-01-24 03:21:14,63.8424,-22.4338,34.27,80,75,20.71
308,Port Keats,AU,2022-01-24 03:21:14,-14.25,129.55,80.87,85,100,8.25
309,Geraldton,AU,2022-01-24 03:17:48,-28.7667,114.6,84.61,51,0,17.27
310,Caravelas,BR,2022-01-24 03:21:14,-17.7125,-39.2481,74.86,86,16,4.18
311,Marrakesh,MA,2022-01-24 03:21:14,31.6315,-8.0083,51.87,87,63,3.44
312,Hailey,US,2022-01-24 03:21:15,43.5196,-114.3153,15.66,92,100,5.75
313,Pombas,CV,2022-01-24 03:21:15,17.1503,-25.0201,71.38,79,100,17.16
314,Nikki,BJ,2022-01-24 03:21:15,9.9401,3.2108,68.16,18,1,5.23
315,Jumla,NP,2022-01-24 03:21:16,29.2747,82.1838,34.02,89,100,4.05
316,Hun,LY,2022-01-24 03:21:16,29.1268,15.9477,46.29,66,3,3.85
317,Harper,LR,2022-01-24 03:21:16,4.375,-7.7169,76.64,87,5,5.64
318,Luderitz,NA,2022-01-24 03:21:18,-26.6481,15.1594,77.22,56,9,5.32
319,Honningsvag,NO,2022-01-24 03:21:18,70.9821,25.9704,35.29,85,100,28.52
320,Havelock,US,2022-01-24 03:21:18,34.8791,-76.9013,42.93,84,0,3.0
321,Port Blair,IN,2022-01-24 03:21:19,11.6667,92.75,71.64,94,20,2.3
322,Innisfail,AU,2022-01-24 03:21:19,-17.5333,146.0333,88.88,61,98,7.11
323,Manzhouli,CN,2022-01-24 03:21:19,49.6,117.4333,3.43,91,100,2.08
324,Hofn,IS,2022-01-24 03:21:20,64.2539,-15.2082,27.59,53,0,13.49
325,Riyadh,SA,2022-01-24 03:21:20,24.6877,46.7219,48.34,31,0,6.71
326,Malm,NO,2022-01-24 03:21:20,64.0721,11.2172,43.79,73,100,23.24
327,Isangel,VU,2022-01-24 03:21:21,-19.55,169.2667,87.91,74,40,4.61
328,San Francisco,US,2022-01-24 03:21:21,37.7749,-122.4194,58.05,61,0,1.01
329,Pisco,PE,2022-01-24 03:21:21,-13.7,-76.2167,69.85,78,0,11.5
330,Kayerkan,RU,2022-01-24 03:21:22,69.3497,87.7602,-6.02,99,100,5.75
331,Sao Joao Da Barra,BR,2022-01-24 03:21:22,-21.6403,-41.0511,75.9,84,26,12.66
332,Necochea,AR,2022-01-24 03:21:22,-38.5473,-58.7368,64.04,52,0,10.4
333,Hammerfest,NO,2022-01-24 03:21:23,70.6634,23.6821,37.85,70,20,26.46
334,Pszczyna,PL,2022-01-24 03:21:23,49.9804,18.9538,28.42,97,50,2.24
335,Verkhoturye,RU,2022-01-24 03:21:23,58.8627,60.8054,20.16,90,100,6.38
336,Kidal,ML,2022-01-24 03:21:24,18.4411,1.4078,59.99,20,7,10.65
337,Kristianstad,SE,2022-01-24 03:21:24,56.0313,14.1524,43.18,100,75,1.01
338,Touros,BR,2022-01-24 03:21:24,-5.1989,-35.4608,81.5,77,9,8.93
339,Whitehorse,CA,2022-01-24 03:20:29,60.7161,-135.0538,21.97,86,0,5.75
340,Tukrah,LY,2022-01-24 03:21:25,32.5341,20.5791,52.39,50,100,14.92
341,Lamu,KE,2022-01-24 03:21:25,-2.2717,40.902,77.22,89,78,12.1
342,Yangjiang,CN,2022-01-24 03:19:37,21.85,111.9667,69.94,91,100,5.06
343,Vao,NC,2022-01-24 03:21:25,-22.6667,167.4833,77.02,66,2,7.43
344,Tiznit,MA,2022-01-24 03:21:26,29.5833,-9.5,52.65,70,99,2.08
345,Kavaratti,IN,2022-01-24 03:21:26,10.5669,72.642,79.3,69,22,12.24
346,Saint-Pierre,RE,2022-01-24 03:21:26,-21.3393,55.4781,80.24,89,100,13.8
347,Itarema,BR,2022-01-24 03:21:27,-2.9248,-39.9167,78.22,76,88,10.87
348,Durres,AL,2022-01-24 03:21:27,41.3231,19.4414,30.38,47,0,16.04
349,Bafq,IR,2022-01-24 03:21:28,31.6128,55.4107,42.57,24,0,4.38
350,Tucurui,BR,2022-01-24 03:21:28,-3.7661,-49.6725,73.22,97,100,3.09
351,Marawi,PH,2022-01-24 03:21:28,7.9986,124.2928,70.65,89,100,4.23
352,Kawalu,ID,2022-01-24 03:21:29,-7.3817,108.2082,85.82,63,86,2.06
353,Kirakira,SB,2022-01-24 03:21:29,-10.4544,161.9205,85.35,75,100,6.53
354,Tasiilaq,GL,2022-01-24 03:21:29,65.6145,-37.6368,14.16,59,67,10.07
355,Olinda,BR,2022-01-24 03:21:30,-8.0089,-34.8553,82.13,69,40,4.61
356,Kargasok,RU,2022-01-24 03:21:30,59.0556,80.8572,-7.83,100,100,3.74
357,Noumea,NC,2022-01-24 03:21:30,-22.2763,166.4572,84.18,99,41,8.7
358,Lashio,MM,2022-01-24 03:21:31,22.9333,97.75,62.6,54,6,0.98
359,Brae,GB,2022-01-24 03:21:31,60.3964,-1.353,48.11,94,100,18.14
360,Acandi,CO,2022-01-24 03:21:31,8.5063,-77.2778,76.62,90,100,6.78
361,Road Town,VG,2022-01-24 03:21:32,18.4167,-64.6167,73.99,67,0,13.11
362,Phan Thiet,VN,2022-01-24 03:21:32,10.9333,108.1,84.4,55,27,5.32
363,Porto Murtinho,BR,2022-01-24 03:21:33,-21.6989,-57.8825,85.23,43,5,5.32
364,Faanui,PF,2022-01-24 03:21:33,-16.4833,-151.75,81.57,70,100,12.84
365,Bakchar,RU,2022-01-24 03:21:33,57.0186,82.0711,-14.48,100,100,2.51
366,Vardo,NO,2022-01-24 03:21:34,70.3705,31.1107,40.41,83,100,44.31
367,Isla Vista,US,2022-01-24 03:21:34,34.4133,-119.861,62.67,67,0,0.0
368,Angoche,MZ,2022-01-24 03:21:34,-16.2325,39.9086,79.14,90,100,24.54
369,La Grande,US,2022-01-24 03:21:35,45.3246,-118.0877,29.97,86,11,5.41
370,Lakes Entrance,AU,2022-01-24 03:21:35,-37.8811,147.981,86.58,58,100,7.36
371,Sabang,ID,2022-01-24 03:21:36,5.8933,95.3214,80.13,73,70,6.38
372,Korla,CN,2022-01-24 03:21:36,41.7597,86.1469,26.44,52,100,1.03
373,Istok,XK,2022-01-24 03:21:37,42.7808,20.4875,23.92,78,65,4.18
374,Wakkanai,JP,2022-01-24 03:21:37,45.4094,141.6739,24.78,74,40,13.8
375,Oranjemund,NA,2022-01-24 03:21:37,-28.55,16.4333,74.8,64,89,7.43
376,Okha,RU,2022-01-24 03:21:38,53.5739,142.9478,1.45,91,14,14.54
377,Margate,GB,2022-01-24 03:21:38,51.3813,1.3862,39.96,80,55,1.01
378,Egvekinot,RU,2022-01-24 03:21:38,66.3167,-179.1667,-21.89,98,98,4.32
379,Akdepe,TM,2022-01-24 03:21:39,42.0551,59.3788,19.49,74,85,9.55
380,Maiduguri,NG,2022-01-24 03:21:39,11.8464,13.1603,61.54,43,0,7.34
381,Nhulunbuy,AU,2022-01-24 03:21:39,-12.2333,136.7667,81.21,89,75,10.36
382,Ulaanbaatar,MN,2022-01-24 03:18:01,47.9077,106.8832,-2.07,78,75,0.0
383,Lagos,NG,2022-01-24 03:18:52,6.5833,3.75,75.52,92,3,3.4
384,Salinas,US,2022-01-24 03:21:40,36.6777,-121.6555,57.2,62,0,3.44
385,Bairiki,KI,2022-01-24 03:21:40,1.3292,172.9752,87.8,70,20,13.8
386,Gerede,TR,2022-01-24 03:21:41,40.8008,32.1969,10.51,97,100,4.41
387,Fort Myers Beach,US,2022-01-24 03:21:41,26.452,-81.9481,53.02,82,0,3.0
388,Aquiraz,BR,2022-01-24 03:21:41,-3.9014,-38.3911,83.21,86,0,7.94
389,Poronaysk,RU,2022-01-24 03:21:41,49.2167,143.1167,13.51,71,0,4.0
390,Kaitangata,NZ,2022-01-24 03:21:42,-46.2817,169.8464,57.92,66,29,9.6
391,Werda,BW,2022-01-24 03:21:42,-25.2667,23.2833,64.13,55,2,7.25
392,Napier,NZ,2022-01-24 03:21:43,-39.4833,176.9167,68.25,89,100,8.99
393,Yelizovo,RU,2022-01-24 03:21:43,53.1873,158.3805,15.94,51,0,4.0
394,Dhidhdhoo,MV,2022-01-24 03:21:43,6.8833,73.1,81.36,58,99,10.98
395,Wittlich,DE,2022-01-24 03:21:43,49.9833,6.8833,38.28,80,75,6.91
396,Ballina,AU,2022-01-24 03:21:44,-28.8667,153.5667,80.78,71,67,13.29
397,Namtsy,RU,2022-01-24 03:21:44,62.7161,129.6658,-16.49,97,100,1.36
398,Sergeyevka,KZ,2022-01-24 03:21:44,53.88,67.4158,-12.78,98,9,4.38
399,Ocana,CO,2022-01-24 03:21:45,8.2377,-73.356,64.36,82,91,5.61
400,Haines Junction,CA,2022-01-24 03:21:45,60.7522,-137.5108,17.55,93,96,2.3
401,Jaisalmer,IN,2022-01-24 03:21:45,26.9147,70.9181,54.37,30,0,4.09
402,Neuquen,AR,2022-01-24 03:17:24,-38.9516,-68.0591,71.49,46,0,6.91
403,Chekhov,RU,2022-01-24 03:21:46,55.1431,37.4711,-2.31,100,100,2.55
404,Kanodar,IN,2022-01-24 03:17:09,24.1,72.3833,53.37,41,0,4.76
405,Mantua,IT,2022-01-24 03:21:46,45.1667,10.7833,38.7,84,5,2.35
406,Petropavlovsk-Kamchatskiy,RU,2022-01-24 03:20:21,53.0452,158.6483,14.59,48,0,4.47
407,Isabela,PH,2022-01-24 03:21:46,6.7085,121.9711,86.05,66,94,6.26
408,Tiksi,RU,2022-01-24 03:21:47,71.6872,128.8694,-8.21,100,99,2.44
409,Lipari,IT,2022-01-24 03:21:47,38.4674,14.954,54.79,67,87,18.21
410,Durango,MX,2022-01-24 03:18:51,24.8333,-104.8333,52.23,59,100,7.29
411,Moose Jaw,CA,2022-01-24 03:18:39,50.4001,-105.5344,19.65,93,100,14.97
412,Muzaffarpur,IN,2022-01-24 03:21:47,26.1167,85.4,58.93,81,86,8.41
413,Houston,US,2022-01-24 03:20:25,29.7633,-95.3633,55.26,51,100,1.01
414,Seoul,KR,2022-01-24 03:18:30,37.5683,126.9778,45.97,42,0,11.5
415,Inirida,CO,2022-01-24 03:21:48,3.8653,-67.9239,73.26,96,92,2.19
416,Inongo,CD,2022-01-24 03:21:48,-1.95,18.2667,73.17,87,70,4.0
417,Scarborough,GB,2022-01-24 03:21:49,54.2797,-0.4044,39.33,86,7,4.0
418,Cidreira,BR,2022-01-24 03:21:49,-30.1811,-50.2056,76.93,90,83,5.95
419,Buala,SB,2022-01-24 03:21:49,-8.145,159.5921,86.74,67,99,6.8
420,Hornepayne,CA,2022-01-24 03:21:49,49.2138,-84.7705,-3.89,88,100,6.87
421,Palmer,US,2022-01-24 03:21:50,42.1584,-72.3287,29.48,80,100,0.0
422,Peniche,PT,2022-01-24 03:21:50,39.3558,-9.3811,49.44,76,4,7.09
423,Kirkwall,GB,2022-01-24 03:21:50,58.9848,-2.9587,46.45,81,100,14.97
424,Fort Nelson,CA,2022-01-24 03:21:51,58.8053,-122.7002,20.79,100,75,2.3
425,Tommot,RU,2022-01-24 03:21:51,58.9564,126.2925,2.91,92,99,2.68
426,Hualmay,PE,2022-01-24 03:21:51,-11.0964,-77.6139,71.04,87,11,8.9
427,Shitanjing,CN,2022-01-24 03:21:52,39.2342,106.3439,25.48,47,7,4.23
428,Saint-Joseph,RE,2022-01-24 03:21:47,-21.3667,55.6167,79.16,84,13,13.4
429,Cotonou,BJ,2022-01-24 03:21:52,6.3654,2.4183,75.18,94,1,4.61
430,Amapa,BR,2022-01-24 03:21:53,1.0,-52.0,70.9,99,51,1.7
431,Khasan,RU,2022-01-24 03:21:53,42.4308,130.6434,23.45,43,38,8.14
432,Waingapu,ID,2022-01-24 03:21:53,-9.6567,120.2641,86.68,63,41,16.08
433,Broken Hill,AU,2022-01-24 03:21:54,-31.95,141.4333,86.29,32,67,7.47
434,Abha,SA,2022-01-24 03:21:54,18.2164,42.5053,48.45,76,0,8.05
435,Nakusp,CA,2022-01-24 03:21:54,50.2499,-117.8023,30.54,93,98,2.3
436,Priiskovyy,RU,2022-01-24 03:21:55,51.9333,116.6333,0.9,93,100,2.13
437,Inhambane,MZ,2022-01-24 03:21:55,-23.865,35.3833,76.14,84,95,16.93
438,Maniitsoq,GL,2022-01-24 03:21:55,65.4167,-52.9,21.2,64,100,21.79
439,Sept-Iles,CA,2022-01-24 03:21:56,50.2001,-66.3821,7.05,90,75,5.99
440,Belmonte,BR,2022-01-24 03:21:56,-15.8631,-38.8828,79.3,80,71,4.65
441,Hamilton,US,2022-01-24 03:21:56,39.1834,-84.5333,25.05,70,0,1.01
442,Methoni,GR,2022-01-24 03:21:57,36.8197,21.7049,39.22,67,86,6.76
443,Hami,CN,2022-01-24 03:21:57,42.8,93.45,24.57,50,5,3.67
444,Staraya Poltavka,RU,2022-01-24 03:21:57,50.4772,46.4814,16.41,88,100,12.26
445,Dejen,ET,2022-01-24 03:21:58,10.1667,38.1333,51.28,37,25,0.83
446,Conceicao Do Araguaia,BR,2022-01-24 03:21:58,-8.2578,-49.2647,73.58,93,9,2.1
447,Torata,PE,2022-01-24 03:21:58,-17.0769,-70.8433,57.58,78,73,2.57
448,Araouane,ML,2022-01-24 03:21:59,18.9048,-3.5265,59.22,12,3,12.39
449,Lichuan,CN,2022-01-24 03:21:59,30.3,108.85,37.09,98,100,2.37
450,Nikko,JP,2022-01-24 03:21:59,36.75,139.6167,40.14,59,100,5.39
451,Saint-Denis,FR,2022-01-24 03:22:00,48.9167,2.3333,35.15,93,0,1.99
452,Theunissen,ZA,2022-01-24 03:22:00,-28.411,26.7011,58.41,55,0,5.23
453,Marzuq,YE,2022-01-24 03:21:45,14.4,46.4667,58.42,68,13,1.83
454,Ginda,IN,2022-01-24 03:22:00,30.6945,78.4932,38.95,81,96,3.02
455,Langfang,CN,2022-01-24 03:22:01,39.5097,116.6947,32.25,64,100,3.67
456,Nicoya,CR,2022-01-24 03:22:01,10.1483,-85.452,76.55,72,4,9.17
457,Ust-Maya,RU,2022-01-24 03:22:02,60.4167,134.5333,-12.46,94,97,1.05
458,Teguise,ES,2022-01-24 03:22:02,29.0605,-13.564,57.42,88,0,4.61
459,Awbari,LY,2022-01-24 03:22:02,26.5921,12.7805,44.87,55,0,4.32
460,Omsukchan,RU,2022-01-24 03:22:03,62.5333,155.8,-23.13,97,100,5.14
461,Arkadak,RU,2022-01-24 03:22:03,51.9326,43.4978,16.48,87,100,11.54
462,Texas City,US,2022-01-24 03:21:07,29.3838,-94.9027,55.98,69,100,1.01
463,Kieta,PG,2022-01-24 03:22:03,-6.2167,155.6333,86.74,67,100,8.61
464,Narsaq,GL,2022-01-24 03:22:03,60.9167,-46.05,23.22,72,100,6.53
465,Suhbaatar,MN,2022-01-24 03:22:04,50.2314,106.2078,7.97,92,100,1.43
466,Bima,ID,2022-01-24 03:22:04,-8.4667,118.7167,87.17,64,91,4.45
467,Solano,US,2022-01-24 03:22:04,38.2333,-121.9511,57.54,74,0,4.61
468,Novi Sanzhary,UA,2022-01-24 03:22:05,49.3439,34.3108,18.81,88,100,17.31
469,Rawson,AR,2022-01-24 03:22:05,-43.3002,-65.1023,69.71,37,31,18.77
470,Iqaluit,CA,2022-01-24 03:22:05,63.7506,-68.5145,-11.31,76,100,8.99
471,Lisakovsk,KZ,2022-01-24 03:22:06,52.5369,62.4936,-15.72,100,23,3.2
472,Bathsheba,BB,2022-01-24 03:22:06,13.2167,-59.5167,77.61,73,40,17.27
473,Numata,JP,2022-01-24 03:22:07,36.6333,139.05,43.5,64,100,9.4
474,San Roque,ES,2022-01-24 03:22:07,36.2107,-5.3842,56.23,72,75,26.46
475,Yenagoa,NG,2022-01-24 03:22:07,4.9247,6.2642,76.39,89,6,3.33
476,Norsup,VU,2022-01-24 03:22:07,-16.0667,167.3833,87.76,64,100,5.5
477,Sarrebourg,FR,2022-01-24 03:22:08,48.7333,7.05,35.31,94,4,5.61
478,Izumo,JP,2022-01-24 03:22:08,35.3667,132.7667,44.55,57,75,16.11
479,Yulara,AU,2022-01-24 03:22:09,-25.2406,130.9889,91.24,29,0,8.05
480,Sexsmith,CA,2022-01-24 03:22:09,55.35,-118.786,36.75,70,40,14.97
481,Zalantun,CN,2022-01-24 03:22:09,48.0,122.7167,11.61,75,100,2.53
482,Acurenam,GQ,2022-01-24 03:22:09,1.0322,10.6488,69.46,93,53,2.39
483,Tabou,CI,2022-01-24 03:22:10,4.423,-7.3528,76.86,85,3,3.44
484,Aklavik,CA,2022-01-24 03:22:10,68.2191,-135.0107,3.92,95,95,8.7
485,Nizhniy Kuranakh,RU,2022-01-24 03:22:10,58.8353,125.4869,1.27,95,99,2.59
486,Aberdeen,GB,2022-01-24 03:22:11,57.1437,-2.0981,46.2,89,100,9.22
487,Booue,GA,2022-01-24 03:22:11,-0.0921,11.9385,75.25,89,98,3.65
488,Samarai,PG,2022-01-24 03:22:12,-10.6167,150.6667,86.63,69,34,10.45
489,Saint-Georges,GD,2022-01-24 03:22:12,12.0564,-61.7485,76.68,78,20,12.66
490,Marsa Matruh,EG,2022-01-24 03:22:12,31.3525,27.2453,51.12,58,74,12.24
491,Manggar,ID,2022-01-24 03:22:13,-2.8833,108.2667,85.71,58,73,7.16
492,Mocuba,MZ,2022-01-24 03:22:13,-16.8392,36.9856,72.61,99,100,5.41
493,Plettenberg Bay,ZA,2022-01-24 03:22:13,-34.0527,23.3716,69.91,75,1,9.13
494,Parana,AR,2022-01-24 03:18:55,-31.732,-60.5238,74.57,92,90,7.14
495,Mandalgovi,MN,2022-01-24 03:22:14,45.7625,106.2708,6.66,71,18,14.14
496,Ratnagiri,IN,2022-01-24 03:22:14,16.9833,73.3,66.94,67,77,10.04
497,Steamboat Springs,US,2022-01-24 03:22:14,40.485,-106.8317,29.7,72,0,0.0
498,Coracora,PE,2022-01-24 03:22:15,-15.0333,-73.7833,49.78,87,98,4.74
499,Mount Isa,AU,2022-01-24 03:22:15,-20.7333,139.5,80.37,78,75,11.5
500,Sevsk,RU,2022-01-24 03:22:15,52.1491,34.4926,6.96,98,78,8.86
501,Juneau,US,2022-01-24 03:22:16,58.3019,-134.4197,38.21,96,75,6.91
502,Sinnar,SD,2022-01-24 03:22:16,13.5691,33.5672,67.53,23,75,10.51
503,Srednekolymsk,RU,2022-01-24 03:22:16,67.45,153.6833,-24.16,98,100,6.31
504,Skjervoy,NO,2022-01-24 03:22:12,70.0311,20.9714,35.37,94,100,23.44
505,Edd,ER,2022-01-24 03:22:17,13.9297,41.6925,77.23,71,66,11.79
506,Sidi Ali,DZ,2022-01-24 03:22:17,36.0998,0.4206,45.27,80,10,3.91
507,Lebanon,US,2022-01-24 03:22:18,36.2081,-86.2911,38.44,73,75,4.61
508,Winnemucca,US,2022-01-24 03:22:18,40.973,-117.7357,31.1,74,0,0.0
509,Veraval,IN,2022-01-24 03:22:19,20.9,70.3667,60.82,45,0,9.82
510,Ilyich,KZ,2022-01-24 03:22:19,40.8464,68.5067,31.69,79,5,3.18
511,Sfantu Gheorghe,RO,2022-01-24 03:22:19,45.8667,25.7833,14.94,96,96,0.94
512,Leningradskiy,RU,2022-01-24 03:22:20,69.3833,178.4167,-12.87,98,100,4.63
513,Porto Velho,BR,2022-01-24 03:22:20,-8.7619,-63.9039,75.25,94,20,0.0
514,Santa Cruz,BO,2022-01-24 03:22:21,-17.8,-63.1667,74.66,94,20,5.75
515,Hosakote,IN,2022-01-24 03:22:21,14.2769,77.1699,65.14,82,39,5.39
516,Tarakan,ID,2022-01-24 03:22:21,3.3,117.6333,85.5,79,40,5.75
517,Asau,RO,2022-01-24 03:19:07,46.4333,26.4,20.75,89,95,7.74
518,Dumas,US,2022-01-24 03:19:15,35.8656,-101.9732,44.65,59,0,9.22
519,Savannah Bight,HN,2022-01-24 03:22:22,16.45,-85.85,75.99,75,1,12.53
520,Kagoro,NG,2022-01-24 03:22:22,9.6,8.3833,63.55,20,2,7.31
521,Kirkuk,IQ,2022-01-24 03:22:23,35.4681,44.3922,40.75,46,0,7.87
522,Colchester,GB,2022-01-24 03:22:23,51.8892,0.9042,41.02,83,99,3.89
523,Lorengau,PG,2022-01-24 03:22:24,-2.0226,147.2712,81.52,83,86,18.7
524,Bijbiara,IN,2022-01-24 03:22:24,33.8,75.1,32.38,88,92,1.61
525,Hovd,MN,2022-01-24 03:18:42,48.0056,91.6419,-2.54,73,1,3.53
526,Berbera,SO,2022-01-24 03:22:24,10.4396,45.0143,73.4,78,62,3.67
527,Buchanan,LR,2022-01-24 03:22:25,5.8808,-10.0467,75.22,87,1,2.59
528,Igrim,RU,2022-01-24 03:22:25,63.1906,64.4162,-1.16,98,57,4.54
529,Zhezkazgan,KZ,2022-01-24 03:22:26,47.8043,67.7144,12.18,92,100,6.71
530,West Milford,US,2022-01-24 03:17:58,41.1312,-74.3674,30.22,90,100,2.55
531,Daru,PG,2022-01-24 03:22:27,-9.0763,143.2092,87.82,66,88,1.57
532,Goroka,PG,2022-01-24 03:22:27,-6.0834,145.3873,70.66,85,100,4.92
533,Morros,BR,2022-01-24 03:22:27,-9.4467,-46.3003,72.09,81,22,2.04
534,Tabuk,PH,2022-01-24 03:20:27,17.4189,121.4443,80.26,77,82,5.53
535,Cortez,US,2022-01-24 03:22:28,37.3489,-108.5859,37.69,68,0,8.05
536,Batemans Bay,AU,2022-01-24 03:22:28,-35.7167,150.1833,84.2,59,100,9.4
537,Newtownards,GB,2022-01-24 03:22:28,54.5924,-5.6909,43.54,86,100,3.0
538,Argos,GR,2022-01-24 03:22:29,37.6333,22.7333,35.29,57,92,1.7
539,Penzance,GB,2022-01-24 03:22:29,50.1186,-5.5371,45.77,80,100,16.8
540,Henties Bay,NA,2022-01-24 03:19:11,-22.116,14.2845,74.86,84,83,4.79
541,Conakry,GN,2022-01-24 03:22:29,9.538,-13.6773,73.36,78,29,7.92
542,Kharp,RU,2022-01-24 03:22:30,66.8014,65.8081,-4.45,95,26,3.38
543,Cuauhtemoc,MX,2022-01-24 03:22:30,28.4167,-106.8667,36.72,35,32,9.93
544,Wonthaggi,AU,2022-01-24 03:22:30,-38.6044,145.5913,93.16,54,100,7.29
545,Luanda,AO,2022-01-24 03:22:31,-8.8368,13.2343,73.4,88,40,4.61
546,Itacoatiara,BR,2022-01-24 03:22:31,-3.1431,-58.4442,74.17,96,67,2.26
547,Freeport,US,2022-01-24 03:22:31,40.6576,-73.5832,32.18,79,100,1.01
548,Mapiripan,CO,2022-01-24 03:22:32,2.8892,-72.1256,76.84,74,83,5.28
549,Tilichiki,RU,2022-01-24 03:22:32,60.4667,166.1,-12.75,87,99,6.82
550,Salalah,OM,2022-01-24 03:22:12,17.0151,54.0924,66.29,30,0,13.8
551,Tak,TH,2022-01-24 03:22:32,16.5833,98.8333,67.71,48,9,2.1
552,Kanonji,JP,2022-01-24 03:22:33,34.1167,133.65,51.85,78,87,11.21
553,Sangar,RU,2022-01-24 03:22:33,63.9242,127.4739,-20.49,96,100,6.11
554,The Pas,CA,2022-01-24 03:22:34,53.8251,-101.2541,-7.58,77,0,10.36
555,Cloquet,US,2022-01-24 03:22:34,46.7216,-92.4594,3.38,80,100,3.44
556,West Bay,KY,2022-01-24 03:22:34,19.3667,-81.4167,78.87,78,20,1.01
557,Wad Rawah,SD,2022-01-24 03:22:35,15.1603,33.1397,64.51,21,43,13.51
558,Serebryansk,KZ,2022-01-24 03:22:35,49.6925,83.2892,-16.29,96,30,2.28
559,Doka,SD,2022-01-24 03:22:36,13.5167,35.7667,69.4,45,4,11.7
560,Edgewater,US,2022-01-24 03:22:36,28.9889,-80.9023,46.99,87,0,5.75
561,Tamworth,GB,2022-01-24 03:22:36,52.634,-1.6959,38.46,87,37,4.0
562,Nelson Bay,AU,2022-01-24 03:22:37,-32.7167,152.15,80.76,69,79,4.0
563,Svetlogorsk,BY,2022-01-24 03:22:37,52.6333,29.7333,7.54,97,78,5.17
564,Chapais,CA,2022-01-24 03:22:37,49.7834,-74.8492,-22.22,100,91,3.91
565,Mercer Island,US,2022-01-24 03:22:38,47.5706,-122.2221,40.35,89,100,1.01
566,Khovu-Aksy,RU,2022-01-24 03:22:38,51.1333,93.6,-0.74,88,94,2.19
567,Port-Cartier,CA,2022-01-24 03:22:38,50.0334,-66.8654,6.75,84,98,11.1
568,Tura,IN,2022-01-24 03:22:38,25.5198,90.2201,62.15,57,100,3.4
569,Abu Dhabi,AE,2022-01-24 03:19:18,24.4667,54.3667,64.96,61,0,2.3
570,Kutina,HR,2022-01-24 03:22:39,45.475,16.7819,31.98,98,96,2.24
571,Hobyo,SO,2022-01-24 03:22:39,5.3505,48.5268,76.06,71,99,15.7
572,Odweyne,SO,2022-01-24 03:22:39,9.4092,45.064,60.42,52,87,2.91
573,Akureyri,IS,2022-01-24 03:18:00,65.6835,-18.0878,24.73,50,75,4.61
574,Maltahohe,NA,2022-01-24 03:22:40,-24.8333,16.9833,67.71,53,4,8.5
575,Prince Rupert,CA,2022-01-24 03:18:00,54.3161,-130.3201,42.89,92,100,0.0
576,Zaysan,KZ,2022-01-24 03:22:40,47.4667,84.8667,-4.23,88,93,1.9
577,Myre,NO,2022-01-24 03:22:40,69.1036,15.9492,35.55,66,94,37.92
